{
  "intents": [
    {
      "tag": "greeting",
      "patterns": ["Hi", "Hello", "How are you?", "Is anyone there?", "Hey"],
      "responses": ["Hello! How can I help you?", "Hi there! How are you feeling today?", "Hey! What's on your mind?"]
    },
    {
      "tag": "goodbye",
      "patterns": ["Bye", "See you later", "Goodbye"],
      "responses": ["Goodbye! Take care.", "See you soon!", "Bye! Remember, I'm always here if you need to talk."]
    },
    {
      "tag": "thanks",
      "patterns": ["Thanks", "Thank you", "That's helpful"],
      "responses": ["You're welcome!", "No problem! Happy to help.", "Anytime!"]
    },
    {
      "tag": "love_problem",
      "patterns": ["I love a girl", "I can't propose", "I fear losing friendship", "I'm afraid to tell my feelings"],
      "responses": ["It's completely natural to feel nervous. Maybe start by expressing appreciation for her friendship.", 
                    "Take your time. Your friendship matters and honest feelings are important.", 
                    "Sometimes it's good to talk openly, but think about how she might feel too."]
    },
    {
      "tag": "sadness",
      "patterns": ["I feel sad", "I'm depressed", "I'm feeling low", "Life is hard"],
      "responses": ["I'm really sorry you're feeling this way. Would you like to talk more about what's bothering you?", 
                    "It's okay to feel sad. I'm here to listen if you want to share.", 
                    "You're not alone. Talking about feelings can help."]
    },
    {
      "tag": "no_match",
      "patterns": [],
      "responses": ["I'm not sure I understand, can you rephrase?", "Sorry, can you explain a bit more?"]
    }
  ]
}
